Gender,NameSet,Title,GivenName,MiddleInitial,Surname,StreetAddress,City,State,StateFull,ZipCode,Country,CountryFull,EmailAddress,Username,Password,TelephoneNumber
female,American,Ms.,Jessica,V,Perez,"1156 Conaway Street",Evansville,IN,Indiana,47708,US,"United States",JessicaVPerez@cuvox.de,Thenue,Mie2foowae,812-425-5909
male,American,Mr.,Ryan,P,McDole,"2042 Woodlawn Drive","New Berlin",WI,Wisconsin,53151,US,"United States",RyanPMcDole@einrot.com,Suallible,Iev2thaiN,414-779-5858
female,American,Mrs.,Jamie,J,Arnold,"973 Commerce Boulevard","La Vista",NE,Nebraska,68128,US,"United States",JamieJArnold@rhyta.com,Conice,Phi7thohch2,402-597-1488
male,American,Mr.,Brian,A,Leak,"4646 Murphy Court","Golden Valley",MN,Minnesota,55427,US,"United States",BrianALeak@armyspy.com,Faider,neev8fie9Ei,952-227-3636
male,American,Mr.,George,A,Byrne,"3442 Park Boulevard",Kanawha,IA,Iowa,50447,US,"United States",GeorgeAByrne@einrot.com,Warme1964,boh8Quaom,641-729-6514
female,American,Ms.,Diane,T,Taylor,"4355 Arlington Avenue","Little Rock",AR,Arkansas,72212,US,"United States",DianeTTaylor@armyspy.com,Alievespecon67,Queev6uB1,870-214-1330
male,American,Mr.,Garland,L,Ansell,"2185 Anthony Avenue",Abilene,TX,Texas,79605,US,"United States",GarlandLAnsell@gustr.com,Friard,eiseu3Ia2,325-692-5046
male,American,Mr.,Gregory,M,Horton,"1076 Lowes Alley",Columbus,OH,Ohio,43215,US,"United States",GregoryMHorton@fleckens.hu,Whissent,eeshei2eXu,740-294-4724
female,American,Mrs.,Deanna,B,Hosking,"1600 Tea Berry Lane","Chippewa Falls",WI,Wisconsin,54729,US,"United States",DeannaBHosking@einrot.com,Coliould,ahshah5Jah5oo,715-738-1552
male,American,Mr.,Mark,M,Hoelscher,"2334 Coolidge Street",Polson,MT,Montana,59860,US,"United States",MarkMHoelscher@jourrapide.com,Onancery,zash0Mohg,406-884-4452
male,American,Mr.,Jeffrey,S,Sumlin,"4966 Oak Street","Old Forge",NY,"New York",13420,US,"United States",JeffreySSumlin@teleworm.us,Wend1985,kiow0doP,315-369-7259
male,American,Mr.,Matthew,J,Collins,"3187 Aspen Court",Boston,MA,Massachusetts,02115,US,"United States",MatthewJCollins@jourrapide.com,Sampeatent,Eong1eiqu,617-369-7415
female,American,Mrs.,Cora,G,Bradbury,"1001 Wakefield Street","King Of Prussia",PA,Pennsylvania,19406,US,"United States",CoraGBradbury@fleckens.hu,Whabre,eiL5koonile,215-390-8156
female,American,Mrs.,Estelle,T,Soto,"953 Southern Avenue",Urbandale,IA,Iowa,50322,US,"United States",EstelleTSoto@armyspy.com,Iggerstoost1955,ieHoo7oas,641-223-3585
male,American,Mr.,Greg,M,Wells,"4752 Tree Frog Lane","Kansas City",MO,Missouri,64108,US,"United States",GregMWells@gustr.com,Mintwoubity,ahNohbei5ein,816-456-6168
female,American,Ms.,Kathrine,B,Brassell,"285 Michigan Avenue",Portland,PA,Pennsylvania,97205,US,"United States",KathrineBBrassell@superrito.com,Theemence,we6xaaY5z,724-645-9096
female,American,Ms.,Else,K,McMullen,"3694 Broad Street",Birmingham,AL,Alabama,35205,US,"United States",ElseKMcMullen@jourrapide.com,Wonstaid1974,goosa2Veec,205-558-1380
male,American,Mr.,Clarence,L,Nelson,"4213 Lowland Drive",Woodstock,IL,Illinois,60098,US,"United States",ClarenceLNelson@gustr.com,Fornelets,Phohph1Wegh,815-334-6677
male,American,Mr.,Thomas,C,Howe,"1646 Deans Lane",Monticello,NY,"New York",12701,US,"United States",ThomasCHowe@einrot.com,Mandear,Ohwoe4Gah,914-797-9886
female,American,Ms.,Katherine,K,Knox,"2549 Gorby Lane",Jackson,MS,Mississippi,39201,US,"United States",KatherineKKnox@jourrapide.com,Onlyingthend,eng0Sithe,601-308-0568
male,American,Mr.,James,M,Signorelli,"2490 Fulton Street","Oak Hill",WV,"West Virginia",25901,US,"United States",JamesMSignorelli@dayrep.com,Lacquit68,iDah1fe6ee,304-469-5162
male,American,Mr.,Joshua,E,McCoy,"3457 Stratford Court",Raleigh,NC,"North Carolina",27612,US,"United States",JoshuaEMcCoy@fleckens.hu,Pontme,luixoh7oN,919-791-9740
female,American,Mrs.,Emma,R,Bishop,"4972 Columbia Boulevard",Hanover,MD,Maryland,21076,US,"United States",EmmaRBishop@gustr.com,Cleakettent1983,eec3Yoht8I,410-499-9316
male,American,Mr.,Sam,B,Primo,"1637 Hurry Street",Shawsville,VA,Virginia,24016,US,"United States",SamBPrimo@dayrep.com,Vinter54,Ufaw0Wiev5,540-268-0486
female,American,Mrs.,Lois,P,Conder,"3545 Mahlon Street",Teterboro,NJ,"New Jersey",07608,US,"United States",LoisPConder@dayrep.com,Brenceing,Oob4jie3,732-979-6195
male,American,Mr.,Amos,G,Akin,"702 Williams Avenue",Newhall,CA,California,91321,US,"United States",AmosGAkin@fleckens.hu,Selard85,sho5aeXai,661-260-1196
female,American,Mrs.,Heather,Z,Rarick,"2548 Gateway Road",Portland,OR,Oregon,97225,US,"United States",HeatherZRarick@dayrep.com,Anconst,tie4aix8Ee,503-297-7259
female,American,Mrs.,Willie,S,Sanders,"1389 Glenwood Avenue",Cleveland,OH,Ohio,44102,US,"United States",WillieSSanders@einrot.com,Districe,seoJoosha0,216-281-7280
male,American,Mr.,Carter,D,Israel,"2289 New Street","The Dalles",OR,Oregon,97058,US,"United States",CarterDIsrael@gustr.com,Hancerper,Eik6doo9ap,541-296-1448
female,American,Mrs.,Marie,J,Swihart,"1490 Sun Valley Road",Leavenworth,WA,Washington,98826,US,"United States",MarieJSwihart@fleckens.hu,Theaver,Uk3Iesoh6,509-763-3363
